أَنَا, 0.001633987
ذَهَبَ, 0.001633987
كُرَة, 0.001633987
سَيَّارَة, 0.001633987
مَوْزَة, 0.001633987
عَلَى, 0.001633987
شَيْء, 0.001633987
إِلَى, 0.001633987
كُرْسِي, 0.001633987
سَاعَة, 0.001633987
أَرَاد, 0.001633987
فِي, 0.001633987
جَلَسَ, 0.001633987
كَانَ, 0.001633987
أَكَلَ, 0.001633987
دَرَّاجَة, 0.001633987
وَرْدَة, 0.001633987
لَعِبَ, 0.001633987
كُوب, 0.001633987
بَاب, 0.001633987
رَسَمَ, 0.001633987
بَطَّة, 0.001633987
طَائِرَة, 0.001633987
حَمَّام, 0.001633987
تَحْتَ, 0.001633987
كَبِير, 0.001633987
يَد, 0.001633987
حِصَان, 0.001633987
بَيْت, 0.001633987
عَصِير, 0.001633987
الْآن, 0.001633987
وَاحِد, 0.001633987
قَلَم, 0.001633987
هَاتِف, 0.001633987
أَرْنَب, 0.001633987
حِذَاء, 0.001633987
قَصِير, 0.001633987
صَغِير, 0.001633987
طَاوِلَة, 0.001633987
تَحَدَّثَ, 0.001633987
طَوِيل, 0.001633987
هَذَا, 0.001633987
عَمِلَ, 0.001633987
كَتَبَ, 0.001633987
تُفَّاحَة, 0.001633987
فِرَاش, 0.001633987
أَزْرَق, 0.001633987
حَافِلَة, 0.001633987
غَلَقَ, 0.001633987
لَا, 0.001633987
عِنَب, 0.001633987
أَخْضَر, 0.001633987
هُوَ, 0.001633987
اِعْتَقَدَ, 0.001633987
رَجُل, 0.001633987
فَتَحَ, 0.001633987
قَرَأَ, 0.001633987
أَحْمَر, 0.001633987
نَامَ, 0.001633987
وَقْت, 0.001633987
نَحْنُ, 0.001633987
أَيْنَ, 0.001633987
عَمَل, 0.001633987
نَعَمْ, 0.001633987
أَنْتَ, 0.001633987
فَوْقَ, 0.001633987
وَلَد, 0.001633987
فَرَاشَة, 0.001633987
قِطّ, 0.001633987
دَائِرَة, 0.001633987
مِشْط, 0.001633987
خِيَار, 0.001633987
هَل, 0.001633987
شَرِبَ, 0.001633987
فِيل, 0.001633987
عَيْن, 0.001633987
شَوْكَة, 0.001633987
جَيِّد, 0.001633987
شَعْر, 0.001633987
سَعِيد, 0.001633987
أَحَبَّ, 0.001633987
عِندِي, 0.001633987
لِي, 0.001633987
إِذَا, 0.001633987
لَيْمُون, 0.001633987
اِسْتَمَعَ, 0.001633987
يَا, 0.001633987
بُرْتُقَال, 0.001633987
بَنْطَلُون, 0.001633987
مَكَان, 0.001633987
صَبَّ, 0.001633987
يَمِين, 0.001633987
مِلْعَقَة, 0.001633987
فَرَاوِلَة, 0.001633987
شُكْراً, 0.001633987
هُمْ, 0.001633987
فَكَّرَ, 0.001633987
مُثَلَّث, 0.001633987
مَتَى, 0.001633987
الَّذِي, 0.001633987
لِمَا, 0.001633987
أَصْفَر, 0.001633987
عَبْرَ, 0.001633987
حَقِيبَة, 0.001633987
عُصْفُور, 0.001633987
نَفَخَ, 0.001633987
سَفِينَة, 0.001633987
حَمَلَ, 0.001633987
مَشَّطَ, 0.001633987
صَحِيح, 0.001633987
اِسْتَطَاع, 0.001633987
بَقَرَة, 0.001633987
أَب, 0.001633987
فَعَلَ, 0.001633987
كَلْب, 0.001633987
دُمْيَة, 0.001633987
فُسْتَان, 0.001633987
أُذُن, 0.001633987
سَمِين, 0.001633987
بِخَيْر, 0.001633987
سَمَك, 0.001633987
يَد, 0.001633987
لَيْسَ, 0.001633987
كَيْفَ, 0.001633987
عَرَفَ, 0.001633987
إِذَا سَمَحْت, 0.001633987
دَاخِل, 0.001633987
مِفْتَاح, 0.001633987
يَسَار, 0.001633987
أَسَد, 0.001633987
نَظَرَ, 0.001633987
فَمْ, 0.001633987
سَيِّد, 0.001633987
أُمّ, 0.001633987
أَيُّهَا, 0.001633987
عَنْ, 0.001633987
أَوْ, 0.001633987
خَارِج, 0.001633987
رَكِبَ, 0.001633987
حَزِين, 0.001633987
قَالَ, 0.001633987
مِقَصّ, 0.001633987
هِيَ, 0.001633987
خَرُوف, 0.001633987
قَمِيص, 0.001633987
نَحِيف, 0.001633987
وَقَفَ, 0.001633987
أَوْقَفَ, 0.001633987
شَمْس, 0.001633987
سَبَحَ, 0.001633987
تِلْفَاز, 0.001633987
أَنَّ, 0.001633987
ثَلَاثَة, 0.001633987
أَنْ, 0.001633987
قِطَار, 0.001633987
إِثْنَان, 0.001633987
مَشَى, 0.001633987
مَا, 0.001633987
مَاذَا, 0.001633987
أَيّ, 0.001633987
الَّتِي, 0.001633987
خَطَأْ, 0.001633987
لَك, 0.001633987
كَيْفَ حَالُك, 0.001633987
حَوْلَ, 0.001633987
بَعْدَ, 0.001633987
وَ, 0.001633987
وَأَنَا, 0.001633987
حَيَوَان, 0.001633987
أَجَابَ, 0.001633987
كَمَا, 0.001633987
كَذَلِكَ, 0.001633987
اِسْتَأْذَنَ, 0.001633987
جَمِيل, 0.001633987
قَبْلَ, 0.001633987
خَلْفَ, 0.001633987
أَفْضَل, 0.001633987
سَبُّورَة, 0.001633987
كِتَاب, 0.001633987
كِلَا, 0.001633987
وَلَكِن, 0.001633987
كَعْكَة, 0.001633987
جَمَل, 0.001633987
بِالْتَأْكِيد, 0.001633987
إِخْتَارَ, 0.001633987
نَظَّفَ, 0.001633987
ثِيَاب, 0.001633987
بَارِد, 0.001633987
إِسْتِجَابَة جَمَاعِيَة, 0.001633987
لَوْن, 0.001633987
هَيَّا, 0.001633987
تَعَالَ, 0.001633987
كُمْبْيُوتَر, 0.001633987
شَارَكَ, 0.001633987
ذُرَة, 0.001633987
قَصَّ, 0.001633987
لَعْنَة, 0.001633987
يَوْم, 0.001633987
لَمْ, 0.001633987
جَفَّفَ, 0.001633987
خِلَال, 0.001633987
كُلّ, 0.001633987
بَيْضَة, 0.001633987
فَارِغ, 0.001633987
حَتَّى, 0.001633987
دَفْتَر, 0.001633987
شَرَحَ, 0.001633987
خَمْسَة, 0.001633987
أَكْل, 0.001633987
لِهَذَا, 0.001633987
أَرْبَعَة, 0.001633987
ضِفْدَع, 0.001633987
مِن, 0.001633987
مَلِيء, 0.001633987
زَرَافَة, 0.001633987
حَدَثَ, 0.001633987
ذَات, 0.001633987
قُبَّعَة, 0.001633987
لَهُ, 0.001633987
جَحِيم, 0.001633987
مَرْحَباً, 0.001633987
الْسَلَام عَلَيْكُم, 0.001633987
هُنَا, 0.001633987
مُرْتَفِعْ, 0.001633987
حَارّ, 0.001633987
كَمْ, 0.001633987
عَلِمَ, 0.001633987
يُمْكِن, 0.001633987
لَوْ, 0.001633987
أَمَامَ, 0.001633987
أَلَيْسَ, 0.001633987
أَمْر, 0.001633987
قَفَزَ, 0.001633987
سِكِّين, 0.001633987
سَيِّدَة, 0.001633987
لَعِقَ, 0.001633987
سُوق, 0.001633987
قَد, 0.001633987
مَال, 0.001633987
قَمَر, 0.001633987
أَكْثَر, 0.001633987
وَجَبَ, 0.001633987
إِلَه, 0.001633987
لَيْل, 0.001633987
وَلَا, 0.001633987
أَنْف, 0.001633987
رَقَم, 0.001633987
بِالْطَبْع, 0.001633987
مَرَّة, 0.001633987
فَقَط, 0.001633987
أَم, 0.001633987
أُخْرَى, 0.001633987
قَلَم رَصَاص, 0.001633987
نَاس, 0.001633987
شَخْص, 0.001633987
أَنَانَاس, 0.001633987
طَبَق, 0.001633987
رُبَّمَا, 0.001633987
رَفَعَ, 0.001633987
وَضَعَ, 0.001633987
هُدُوءْ, 0.001633987
فِعْل, 0.001633987
قِرَاءَة, 0.001633987
حَقَّاً, 0.001633987
مُسْتَطِيل, 0.001633987
طَرِيق, 0.001633987
أَنْشَدَ, 0.001633987
بَدَا, 0.001633987
لَهَا, 0.001633987
وَجْهْ مُبْتَسِمْ, 0.001633987
بَعْض, 0.001633987
أَحَد, 0.001633987
آسِف, 0.001633987
نَجْم, 0.001633987
مِثْل, 0.001633987
شَايْ, 0.001633987
أَسْنَان, 0.001633987
ذَلِكَ, 0.001633987
تِلْكَ, 0.001633987
ثُمَّ, 0.001633987
هُنَاكَ, 0.001633987
يُوجَد, 0.001633987
هَؤُلَاءْ, 0.001633987
هَذِهِ, 0.001633987
هَكَذَا, 0.001633987
مُرَتَّب, 0.001633987
طَمَاطِم, 0.001633987
لُعبَة, 0.001633987
حَقِيقَة, 0.001633987
مِظَلَّة, 0.001633987
جِدّاً, 0.001633987
غَسَلَ, 0.001633987
شَاهَدَ, 0.001633987
صَنْبُور, 0.001633987
مَاء, 0.001633987
بَطِّيخ, 0.001633987
لَنَا, 0.001633987
حَسَناً, 0.001633987
سَوْفَ, 0.001633987
لَنْ, 0.001633987
شُبَّاك, 0.001633987
مَع, 0.001633987
صَحَا, 0.001633987
رَائِع, 0.001633987
عَالَم, 0.001633987
عَلَيْكَ, 0.001633987
بِنَا, 0.001633987
عَبَايَة, 0.001633987
الْكَثِير, 0.001633987
كَثِير, 0.001633987
كَثِيرًا, 0.001633987
نَشِيط, 0.001633987
عَائِم, 0.001633987
مُنَبِّه, 0.001633987
جَمِيع, 0.001633987
أَيْضًا, 0.001633987
دَائِمًا, 0.001633987
سَيَّارَة إِسْعَاف, 0.001633987
آخَر, 0.001633987
مُشَارَكَة ثُنَائِيَّة, 0.001633987
أَيّ, 0.001633987
نَائِم, 0.001633987
عِنْدَ, 0.001633987
عِنْدَمَا, 0.001633987
طِفْل, 0.001633987
بَالُونَة, 0.001633987
دُبّ, 0.001633987
لِأَنَّ, 0.001633987
غُرْفَة الْنَوْم, 0.001633987
بَيْنَ, 0.001633987
عَضَّ, 0.001633987
أَسْوَد, 0.001633987
سُلْطَانِيَّة, 0.001633987
خُبْز, 0.001633987
رَاحَة, 0.001633987
أَخْ, 0.001633987
فَقَّاعَة, 0.001633987
شَطِيرَة, 0.001633987
بِهِ, 0.001633987
لَابُدّ, 0.001633987
شَمْعَة, 0.001633987
فِلْفِل, 0.001633987
جَزَر, 0.001633987
اِلْتَقَطَ, 0.001633987
غَيَّرَ, 0.001633987
كَرَز, 0.001633987
دَجَاج, 0.001633987
وَلَد, 0.001633987
خَيَّرَ, 0.001633987
وَضَّحَ, 0.001633987
صَفّ, 0.001633987
أَغْمَضَ, 0.001633987
مَلَابِس, 0.001633987
لَوَّنَ, 0.001633987
حَال, 0.001633987
سُلُوك, 0.001633987
حَاوَرَ, 0.001633987
طَبَخَ, 0.001633987
غِلَاف, 0.001633987
أًقْلَام تَلْوِين, 0.001633987
إِبْدَاع, 0.001633987
بَكَى, 0.001633987
خَزَانَة, 0.001633987
تَارِيخ, 0.001633987
نَهَار, 0.001633987
عَزِيز, 0.001633987
دَهَنَ, 0.001633987
غَارِق, 0.001633987
غَزَالَة, 0.001633987
هَبَطَ, 0.001633987
وَصَفَ, 0.001633987
رَغْبَة, 0.001633987
حَرَكَة, 0.001633987
إِمْلَاءْ, 0.001633987
وَسِخْ, 0.001633987
أَلَا, 0.001633987
اِسْتَنْتَجَ, 0.001633987
مَشْرُوب, 0.001633987
سَاقَ, 0.001633987
حَفَرَ, 0.001633987
تَمَارِين الْأَكْل, 0.001633987
ثَمَانِيَة, 0.001633987
وُجُوه المَشَاعِر, 0.001633987
دَخَلَ, 0.001633987
مِمْحَاة, 0.001633987
حَدَث, 0.001633987
مُمْتَاز, 0.001633987
عَنْ إِذْنَك, 0.001633987
شَرْح, 0.001633987
سَرِيع, 0.001633987
أَطْعَمَ, 0.001633987
مَشَاعِر, 0.001633987
مُعَلِّمَة, 0.001633987
اِنْتَهَى, 0.001633987
مَطَافِئ, 0.001633987
أَوَّل, 0.001633987
عَلَم, 0.001633987
أَرْض, 0.001633987
سَحَبَ, 0.001633987
رَكَّزَ, 0.001633987
مَلَفّ, 0.001633987
مِنْ أَجْلِ, 0.001633987
فَاكِهَة, 0.001633987
أَعْطَى, 0.001633987
عَظِيم, 0.001633987
سَلَّمَ, 0.001633987
فُرْشَاة الْشَعْر, 0.001633987
هَمْزَة, 0.001633987
خَطّ, 0.001633987
لَدَى, 0.001633987
رَأْس, 0.001633987
جَنَّة, 0.001633987
ثَقِيل, 0.001633987
حَضَنَ, 0.001633987
هِلِيكُوبْتَر, 0.001633987
سَاعَدَ, 0.001633987
سُمُوّ وَلِيِّ الْعَهْد, 0.001633987
ضَرَبَ, 0.001633987
جَوْعَان, 0.001633987
عِلَاجْ مَائِي, 0.001633987
اِسْتَلْقَى, 0.001633987
رَأَى, 0.001633987
مَسَحَ, 0.001633987
فِكْرَة, 0.001633987
بِشَكْل, 0.001633987
مَسْؤُول, 0.001633987
أَمْطَرَ, 0.001633987
ضَمَّ, 0.001633987
شَبَّكَ, 0.001633987
وَثَبَ, 0.001633987
مُجَرَّد, 0.001633987
رَكَلَ, 0.001633987
قُبْلَة, 0.001633987
قَبَّلَ, 0.001633987
مَطْبَخ, 0.001633987
صَفَحَ, 0.001633987
آخِر, 0.001633987
تَعَلَّمَ, 0.001633987
غَادَرَ, 0.001633987
سَاق, 0.001633987
مُكَعَّبَات اللِّيغُو, 0.001633987
تَرَكَ, 0.001633987
حَيَاة, 0.001633987
خَفِيف, 0.001633987
ضَوْءْ, 0.001633987
سَطْر, 0.001633987
طَابُور, 0.001633987
بَدا, 0.001633987
مُنْخَفِض, 0.001633987
طَالِب, 0.001633987
أَفَنْدِي, 0.001633987
صَنَعَ, 0.001633987
مَاكْدُنَالْدْز, 0.001633987
إِجْتِمَاع, 0.001633987
حَفِظَ, 0.001633987
مِلْك, 0.001633987
مِرَآة, 0.001633987
تَوْحِيد, 0.001633987
شَهْر, 0.001633987
أَخْلَاق, 0.001633987
دَرَّاجَة نَارِيَّة, 0.001633987
مُوسِيقَى, 0.001633987
خَالَة, 0.001633987
عَمَّة, 0.001633987
جَدّ, 0.001633987
إِسْم, 0.001633987
دَوْر, 0.001633987
مُرَبِّيَة, 0.001633987
طَبِيعِي, 0.001633987
عِقْد, 0.001633987
جَدِيد, 0.001633987
تَالِي, 0.001633987
تِسْعَة, 0.001633987
حَدِيث شَرِيف, 0.001633987
كُرَّاسَة, 0.001633987
أَوْلَاد, 0.001633987
وَاجِب, 0.001633987
عِلَاجْ وَظِيفِي, 0.001633987
قَدِيم, 0.001633987
بَصَل, 0.001633987
نَظَّمَ, 0.001633987
نَخْلَة, 0.001633987
مَحْرَمَة وَرَقِيَّة, 0.001633987
حَدِيقَة, 0.001633987
اِنْتَبِه, 0.001633987
إجَّاص, 0.001633987
عِطْر, 0.001633987
إِذْن, 0.001633987
صُورَة, 0.001633987
بِيتْزَا, 0.001633987
زَرَعَ, 0.001633987
زَرْع, 0.001633987
قَصِيدَة, 0.001633987
أَشَارَ, 0.001633987
شُرْطَة, 0.001633987
سَيَّارَة شُرْطَة, 0.001633987
بَطَاطِس, 0.001633987
بَوَر بُويْنْت, 0.001633987
صَلَاة, 0.001633987
حَضَانَة, 0.001633987
مُشْكِلَة, 0.001633987
نِظَام, 0.001633987
أَحْدَثَ, 0.001633987
سَيِّدْنَا مُحَمَّد صَلَّى الله عَلَيْهِ وَسَلَّم, 0.001633987
حَافَظَ, 0.001633987
اَنْزَلَ, 0.001633987
اِسْتَخْرَجَ, 0.001633987
دَفَعَ, 0.001633987
لُغْز, 0.001633987
مَلَابِس الْنَوْم, 0.001633987
سُؤَال, 0.001633987
هَادِئْ, 0.001633987
مِذْيَاع, 0.001633987
رَكَضَ, 0.001633987
وَصَلَ, 0.001633987
إِسْتِدْعَاءْ, 0.001633987
تِلَاوَة, 0.001633987
تَمَعَّنَ, 0.001633987
إِسْتِرْخَاءْ, 0.001633987
رَدَّدَ, 0.001633987
مُحْتَرَم, 0.001633987
وَقْت الرَّاحَة, 0.001633987
مَطْعَم, 0.001633987
حَق, 0.001633987
شَارِع, 0.001633987
طَلَع, 0.001633987
مَدْرَسَة, 0.001633987
مَقْعَد, 0.001633987
ثَانِيَة, 0.001633987
إِلَى الْلِقَاءْ, 0.001633987
جُمْلَة, 0.001633987
تَرَادُف, 0.001633987
سَبْعَة, 0.001633987
شَامْبُو, 0.001633987
ضِدّ, 0.001633987
وَرَقَة, 0.001633987
تَسَوُّق, 0.001633987
شُورْت, 0.001633987
كَتِف, 0.001633987
دُشّ, 0.001633987
إِسْتَحَمّ, 0.001633987
مُنْذُ, 0.001633987
أُخْت, 0.001633987
سِتّة, 0.001633987
بَطِيء, 0.001633987
اِبْتَسَمَ, 0.001633987
ضَحِكَ, 0.001633987
لِكَي, 0.001633987
صَابُون, 0.001633987
جَوَارِب, 0.001633987
أَرِيكَة, 0.001633987
حَلَّ, 0.001633987
صَوْت, 0.001633987
عِلَاجْ الْنُّطْق, 0.001633987
جَبِيرَة, 0.001633987
حِذَاءْ رِيَاضَة, 0.001633987
مُرَبَّع, 0.001633987
دَبَّسَ, 0.001633987
أَخْرَجَ, 0.001633987
سْتِيكَر, 0.001633987
قِصَّة, 0.001633987
نَظَّارَات, 0.001633987
أَخَذَ, 0.001633987
عَشَرَة, 0.001633987
بَارَكَ الله فِيك, 0.001633987
يَعْطِيك الْعَافِيَة, 0.001633987
نَفْس, 0.001633987
مَلَاهِي, 0.001633987
تَوْجِيهَات عِلاَجِيَّة, 0.001633987
جَلْسَة عِلَاج, 0.001633987
لِذَلِكَ, 0.001633987
عَطْشَان, 0.001633987
ثَوْب, 0.001633987
رَمَى, 0.001633987
طِوَال, 0.001633987
نَمِر, 0.001633987
تَعْبَان, 0.001633987
مُتْعِب, 0.001633987
الْيَوْم, 0.001633987
مِرْحَاض, 0.001633987
وَرَق الحَمَّام, 0.001633987
غَدًا, 0.001633987
لِسَان, 0.001633987
الَّيْلَة, 0.001633987
مِنْشَفَة, 0.001633987
إِشَارَة المُرُور, 0.001633987
سَافَرَ, 0.001633987
حَاوَلَ, 0.001633987
عَبِثَ, 0.001633987
رِحْلَة, 0.001633987
قَلَبَ, 0.001633987
اِسْتَخْدَمَ, 0.001633987
خُضَار, 0.001633987
إِنْتَظَرَ, 0.001633987
سَقَى, 0.001633987
لَوَّحَ, 0.001633987
أَحْسَنَ, 0.001633987
مُبَلَّل, 0.001633987
مَا إِسْمُك, 0.001633987
كَمْ الْسَاعَة, 0.001633987
حَيْثُ, 0.001633987
صَفَّارَة, 0.001633987
أَبْيَض, 0.001633987
بِمَا, 0.001633987
الَّذِينَ, 0.001633987
بِدُون, 0.001633987
فَازَ, 0.001633987
وَرَقَة عَمَل, 0.001633987
سَنَة, 0.001633987
أَمْس, 0.001633987
عَفْوًا, 0.001633987
فَتَاة, 0.001633987