احْتَفَلَ, 0.001769912
اسْتَأذَنَ, 0.001769912
اسْتَقَلَّ, 0.001769912
اسْتَقْبَلَ, 0.001769912
استَطَاعَ, 0.001769912
اشتَرَى, 0.001769912
الأَمِيْر, 0.001769912
الآن, 0.001769912
الَّتِي, 0.001769912
الَّذِي, 0.001769912
الَّذِين, 0.001769912
الرَّسُول, 0.001769912
القُرآن, 0.001769912
الله, 0.001769912
اليَوْم, 0.001769912
انْتَقَلَ, 0.001769912
انتَهَى, 0.001769912
إِثْنَان, 0.001769912
إِجَابَة, 0.001769912
إِسْم, 0.001769912
إِشَارَة, 0.001769912
أُصْبُع, 0.001769912
إِلى, 0.001769912
إِمْلاَءْ, 0.001769912
أَنَّ, 0.001769912
إِثْنَاعَشَر, 0.001769912
إِخْتِبَار, 0.001769912
أُصْبُع القَدَم, 0.001769912
إِعْلاَن, 0.001769912
إِفْطَار, 0.001769912
امْرَأَة, 0.001769912
إِنْتِظار, 0.001769912
أَب, 0.001769912
أَبَجَدِيَّة, 0.001769912
أَبْيَض, 0.001769912
أَحَبَّ, 0.001769912
أَحَد, 0.001769912
أَحَدَ عَشَر, 0.001769912
أَحْضَرَ, 0.001769912
إِحْسَاس, 0.001769912
حَدَثْ, 0.001769912
أَحسَنَ, 0.001769912
أَحْمَر, 0.001769912
أَخ, 0.001769912
أَخَذَ, 0.001769912
أَخْضَر, 0.001769912
أَخِيراً, 0.001769912
أَرُز, 0.001769912
أَرَادَ, 0.001769912
أَرْبَعَة, 0.001769912
أَرْبَعَة عَشَر, 0.001769912
أَرْض, 0.001769912
أَرْنَب, 0.001769912
أَزْرَق, 0.001769912
أَسَد, 0.001769912
أَسْنَان, 0.001769912
أَسْوَد, 0.001769912
أَصْفَر, 0.001769912
أَصْلَحَ, 0.001769912
أَضَافَ, 0.001769912
أَطْفَال, 0.001769912
أَعْطَى, 0.001769912
أَغْلَقَ, 0.001769912
أَفْعَى, 0.001769912
فِيلْم الرُسُوم المُتَحَرِكَة, 0.001769912
فِيلْم سِينَمَائِي, 0.001769912
أَكَلَ, 0.001769912
لُعْبَة, 0.001769912
أَلْوَان, 0.001769912
أَمَام, 0.001769912
أَنْتَ, 0.001769912
أَنْتُمْ, 0.001769912
أَنْتِ, 0.001769912
أَنَا, 0.001769912
أَنْف, 0.001769912
أوْ , 0.001769912
أَوَّلاً, 0.001769912
أَيْنَ, 0.001769912
يَوْم , 0.001769912
أَيَّام الأُسْبُوْع, 0.001769912
أَيْنَ تَعِيش, 0.001769912
أُخْت, 0.001769912
أُذُن, 0.001769912
أُسْرَة, 0.001769912
أُعْجِبَ, 0.001769912
أُمّ, 0.001769912
أجَابَ, 0.001769912
أدَوات, 0.001769912
أسْفَل, 0.001769912
شِعْر, 0.001769912
أَعْدَاد, 0.001769912
أَعْلَى, 0.001769912
أُغْنِيَة, 0.001769912
فِعْل, 0.001769912
نَشِيد, 0.001769912
إوَزَّة, 0.001769912
بَجْعَة, 0.001769912
بَحْر, 0.001769912
بَرّاد, 0.001769912
بَرْقِيَة, 0.001769912
بَرْنَامَج, 0.001769912
بَرِيد, 0.001769912
بُسْتَان, 0.001769912
بَسِيط, 0.001769912
بَطَّة, 0.001769912
بَطَل, 0.001769912
بَطاطا, 0.001769912
بَطْن, 0.001769912
بَعْدَ, 0.001769912
بَعدَ الظُهْر, 0.001769912
بَقَرَة, 0.001769912
بَقَّال, 0.001769912
بَلَدْ, 0.001769912
بَنَفْسَجِي, 0.001769912
بُرْتُقَال, 0.001769912
بُرْتُقَالي, 0.001769912
بُنِّي, 0.001769912
بِنْت, 0.001769912
بِنَايَة, 0.001769912
بَاب, 0.001769912
بَاعَ, 0.001769912
بَالِيه, 0.001769912
بَائِع, 0.001769912
بومَة, 0.001769912
تَحَدَّثَ, 0.001769912
تَحْتَ, 0.001769912
تَطْرِيز, 0.001769912
تَعَلَّمَ, 0.001769912
تَعْليقَات قَصِيرَة, 0.001769912
تَمْثِيل, 0.001769912
تَنِس, 0.001769912
تَوَقَّفَ, 0.001769912
تُفَاح, 0.001769912
تِسْعَة, 0.001769912
تِسْعَةَ عَشَر, 0.001769912
تِلْفَاز, 0.001769912
تِلْمِيذ, 0.001769912
تِمْسَاح, 0.001769912
تَاجِر, 0.001769912
تَارِيخ, 0.001769912
تِين, 0.001769912
ثَعْلَب, 0.001769912
ثَلاثَة   , 0.001769912
ثَلاثَةَ عَشَر, 0.001769912
ثَمَانِيَة, 0.001769912
ثَمَانِيَةَ عَشَر, 0.001769912
ثُعْبَان, 0.001769912
ثَوْب, 0.001769912
ثَالِثاً, 0.001769912
ثَانِياً, 0.001769912
جَبِين, 0.001769912
جَدّ , 0.001769912
جَدَّة, 0.001769912
جَدْوَل , 0.001769912
جَدْي, 0.001769912
جَدِيد, 0.001769912
جَرَس, 0.001769912
جَرِيدَة, 0.001769912
حَائِط, 0.001769912
جَزَّار, 0.001769912
جَسَد, 0.001769912
جَعَلَ, 0.001769912
جَلَسَ, 0.001769912
جَمَل, 0.001769912
جَيِّد, 0.001769912
جِدَاْر, 0.001769912
فَصْل, 0.001769912
جُمْلَة, 0.001769912
جُزْء, 0.001769912
جِسْر, 0.001769912
جِسْم, 0.001769912
جِلْد, 0.001769912
جَاءَ, 0.001769912
جَائِع, 0.001769912
جُودُو, 0.001769912
حَدِيقَة, 0.001769912
حِذَاء, 0.001769912
حَرَكَة, 0.001769912
حَرْف, 0.001769912
حَزِين, 0.001769912
حَسَناً, 0.001769912
حَصَلَ, 0.001769912
حَضَرَ, 0.001769912
حَفِظَ, 0.001769912
حَقِيبَة, 0.001769912
حَلاَّق, 0.001769912
حَلْوَى, 0.001769912
حَمَّام, 0.001769912
حَمَامَة, 0.001769912
حَوْض, 0.001769912
حَيَوَان, 0.001769912
حَيَوَانَات, 0.001769912
حُجْرَة, 0.001769912
حِجَاب, 0.001769912
حِرَف, 0.001769912
حِسَاء, 0.001769912
حِسَاب, 0.001769912
حِصَّة, 0.001769912
حِصَان, 0.001769912
حِمَار, 0.001769912
حِوَار, 0.001769912
حَاجَة, 0.001769912
حَارِس, 0.001769912
حَافِلَة, 0.001769912
خَبَّاز, 0.001769912
خَرُوف, 0.001769912
خَلْفَ, 0.001769912
خَمْسَة, 0.001769912
خَمْسَةَ عَشَر, 0.001769912
خَيَّاط, 0.001769912
خُبْز, 0.001769912
خِزَانَة, 0.001769912
خَادِم, 0.001769912
دَجَاجَة, 0.001769912
دَرَسَ, 0.001769912
دَرْس, 0.001769912
دَرَّاجَة, 0.001769912
دَمْ, 0.001769912
دُبّْ, 0.001769912
دَار, 0.001769912
دِيك, 0.001769912
ذَهَبَ, 0.001769912
ذَهَبِي, 0.001769912
ذِرَاع, 0.001769912
ذِئْب, 0.001769912
رَأَى, 0.001769912
رَأْس, 0.001769912
رَجُل, 0.001769912
رَسَمَ, 0.001769912
رَسْم, 0.001769912
رَسّام, 0.001769912
رَصِيف, 0.001769912
رَفَضَ, 0.001769912
رَفِيع, 0.001769912
رَقَصَ, 0.001769912
رَقَبَة, 0.001769912
رَكَضَ, 0.001769912
رَكِبَ, 0.001769912
رُكبَة, 0.001769912
رِجْل, 0.001769912
رِدَاء, 0.001769912
رِيَاضَة, 0.001769912
رِئَة, 0.001769912
زَرَافَة, 0.001769912
زَهْرَة, 0.001769912
زَوْج, 0.001769912
زَوْجَة, 0.001769912
زَوْرَق, 0.001769912
سَأَلَ, 0.001769912
سَبِحَ, 0.001769912
سَبْعَة, 0.001769912
سَبّاك, 0.001769912
سَبُّورَة, 0.001769912
سَبْعَةَ عَشَر, 0.001769912
سَرِير, 0.001769912
سَعِيد, 0.001769912
سَفِينَة, 0.001769912
سَكَنَ, 0.001769912
سَلَّة, 0.001769912
سَمَكَة, 0.001769912
سَمِعَ, 0.001769912
سَمَاء, 0.001769912
سَمِين, 0.001769912
سَهْم, 0.001769912
سَيِّء, 0.001769912
سَيَّارَة, 0.001769912
سُلَّم, 0.001769912
سُلَحْفَاة, 0.001769912
سُؤَال, 0.001769912
سِباحَة, 0.001769912
سِتَة, 0.001769912
سِتَةَ عَشَر, 0.001769912
سَجَّادَة, 0.001769912
سِرْوَال, 0.001769912
سِكِين, 0.001769912
سِنْ, 0.001769912
سَاعَة, 0.001769912
سَافَرَ, 0.001769912
سَاقْ, 0.001769912
سَائِق, 0.001769912
سُوق, 0.001769912
سِينَمَا, 0.001769912
شَجَرَة, 0.001769912
شَخْصِيَّة, 0.001769912
شَرِبَ, 0.001769912
شَعَرَ, 0.001769912
شَعْب, 0.001769912
شَعْر, 0.001769912
شَمْس, 0.001769912
شَيْخ, 0.001769912
شُجَاع, 0.001769912
شُرْطِي, 0.001769912
شُرْفَة, 0.001769912
شُكْراً, 0.001769912
شَهْر, 0.001769912
شِتَاء, 0.001769912
شِفَاه, 0.001769912
شَارِع, 0.001769912
شاهَدَ, 0.001769912
شَاي, 0.001769912
صَبَاح  , 0.001769912
صَبَاحُ الْخَيْر, 0.001769912
صَحَفِي, 0.001769912
صَحِيفَة, 0.001769912
صَدْر, 0.001769912
صَدِيق, 0.001769912
صَغِير , 0.001769912
صَفّ, 0.001769912
صَقْر, 0.001769912
صَلاَة, 0.001769912
صَنْبُور, 0.001769912
صَيْف, 0.001769912
صَيْدَلي, 0.001769912
صَائِغ, 0.001769912
صُورَة, 0.001769912
ضِفْدَع, 0.001769912
ضَابِط, 0.001769912
طَبْشُور, 0.001769912
طَبِيب, 0.001769912
طَبِيب الأَسْنَان , 0.001769912
طَبِيبَة, 0.001769912
طَرِيق, 0.001769912
طَعَام, 0.001769912
طَوِيل, 0.001769912
طَيَّار, 0.001769912
طِفِل, 0.001769912
طَابُور, 0.001769912
طَارَ, 0.001769912
طَالِب, 0.001769912
طَاهي, 0.001769912
طَاوُوس, 0.001769912
طَائِرَة, 0.001769912
ظَهْر, 0.001769912
ظُهْر, 0.001769912
ظِفْر, 0.001769912
ظِلْ, 0.001769912
عَبَاءَة, 0.001769912
عَدَد, 0.001769912
عَدَّ, 0.001769912
عَدُو, 0.001769912
عَرَبَة, 0.001769912
عَشَرَة, 0.001769912
عَشَاء , 0.001769912
عَصِير, 0.001769912
عَضَلَة, 0.001769912
عَطْشَان, 0.001769912
عَلَمْ, 0.001769912
عَلاَقَة, 0.001769912
عَلَى, 0.001769912
عَمّ, 0.001769912
عَمَّة, 0.001769912
عَيْن, 0.001769912
عُصْفُور, 0.001769912
عُطْلَة, 0.001769912
عُلْبَة, 0.001769912
عُلُوم, 0.001769912
عُنُق, 0.001769912
عُنْوَان, 0.001769912
عَظْم, 0.001769912
عِلْم, 0.001769912
عِنَب, 0.001769912
عَادَ, 0.001769912
عَائِلَة, 0.001769912
عِشْرِين, 0.001769912
غَزَال, 0.001769912
غَضِبَ, 0.001769912
غُرَاب, 0.001769912
غُرْفَة, 0.001769912
فَأْر, 0.001769912
فَأْس, 0.001769912
فَتَحَ, 0.001769912
فَتَاة, 0.001769912
فَرِحَ, 0.001769912
فَرَاشَة, 0.001769912
فَعَلَ, 0.001769912
فَلَسْطِين, 0.001769912
فَمْ, 0.001769912
فَنَاء, 0.001769912
فَنَّان, 0.001769912
فَهْد, 0.001769912
فَهْرَس, 0.001769912
فَوْق, 0.001769912
فُرُوسِيَة, 0.001769912
فُسْحَة, 0.001769912
فِضِّي, 0.001769912
فُطُور, 0.001769912
فُنْدُق, 0.001769912
فِعَل, 0.001769912
فاكِهَة, 0.001769912
فِي, 0.001769912
فِيل, 0.001769912
قَبْل, 0.001769912
قَدَم, 0.001769912
قَدِيم, 0.001769912
قَرَأَ, 0.001769912
قَصِير, 0.001769912
قَطَر, 0.001769912
قَلَم, 0.001769912
قَلَمْ رَصَاص, 0.001769912
قَلْب, 0.001769912
قَمَر, 0.001769912
قَمِيص, 0.001769912
قَهْوَة, 0.001769912
قُدْرَة, 0.001769912
قُرْط , 0.001769912
قِرْد, 0.001769912
قِرَاْءَة, 0.001769912
قِصَّة, 0.001769912
قِطّ, 0.001769912
قِطَار, 0.001769912
قَارِب, 0.001769912
قَالَ, 0.001769912
كَبِير, 0.001769912
كَتَبَ, 0.001769912
كَتْكُوت, 0.001769912
كَثِير, 0.001769912
كَرِهَ, 0.001769912
كَلِمَة, 0.001769912
كَلْب, 0.001769912
كَمْ, 0.001769912
كَمَثْرِى, 0.001769912
كَمِيَّة, 0.001769912
كَهْرَبَائِي, 0.001769912
كَوْن, 0.001769912
كَيْفَ, 0.001769912
كُتُب قِصَصِيَّة مُصَوَّرَة, 0.001769912
كُرَة السَّلَّة, 0.001769912
كُرَة الْقَدَم, 0.001769912
كُرَة الْيَد, 0.001769912
كُرّاس, 0.001769912
كِتَاب, 0.001769912
كِتَابَة, 0.001769912
كِتَاب القِرَاءَة, 0.001769912
كَاتِب, 0.001769912
كَارَاتِيه, 0.001769912
كَانَ, 0.001769912
كُوب, 0.001769912
لَحْم, 0.001769912
لَدَى, 0.001769912
لَطِيف, 0.001769912
لَعِبَ, 0.001769912
لَمْ, 0.001769912
لَنْ, 0.001769912
لَنَا, 0.001769912
لَهُ, 0.001769912
لَهَا, 0.001769912
لَوْح, 0.001769912
لَوْن, 0.001769912
لَوَّنَ, 0.001769912
لَيْث, 0.001769912
لَيْل, 0.001769912
لَيْمُون, 0.001769912
لُعْبَة, 0.001769912
لِسَان, 0.001769912
لا, 0.001769912
لا يَسْتَطِيع, 0.001769912
لاَعِب, 0.001769912
لِي, 0.001769912
مَتْحَف, 0.001769912
مَتَى, 0.001769912
مَحَلّ, 0.001769912
مَدْرَسَة, 0.001769912
مَرْكَب, 0.001769912
مَسَاء, 0.001769912
مَسْؤُول, 0.001769912
مَشَى, 0.001769912
مَشْرُوب, 0.001769912
مَضَى, 0.001769912
مَطْبَخ, 0.001769912
مَطْعَم, 0.001769912
مَظْهَر, 0.001769912
مَكَرُونَة, 0.001769912
مَعْلُومَة, 0.001769912
مَعِيشَة, 0.001769912
مَقَال, 0.001769912
مَكَان, 0.001769912
مَكْتَب, 0.001769912
مَكْتَبة, 0.001769912
مَلْعَب, 0.001769912
مَلاَبِس, 0.001769912
مَن, 0.001769912
مَنْزِل, 0.001769912
مَوْز, 0.001769912
مَوْهِبَة, 0.001769912
مَيْدَان, 0.001769912
مُتَنَوِّع, 0.001769912
مُتْعَب, 0.001769912
مُثْمِر, 0.001769912
مُحَامِيَّة, 0.001769912
مُحَامِي, 0.001769912
مُخّْ, 0.001769912
مُدَرِّس, 0.001769912
مُدِير, 0.001769912
مُذِيع, 0.001769912
مُرَبِّيَة, 0.001769912
مُرُور, 0.001769912
مُسْتَشْفَى, 0.001769912
مُضْحِك, 0.001769912
مُعَلِّم, 0.001769912
مُفَاجَأَة, 0.001769912
مِفْتَاح, 0.001769912
مُهَنْدِس, 0.001769912
مُهَنْدِسَة, 0.001769912
مُوَاصَلاَت, 0.001769912
مِسْطَرَة, 0.001769912
مِصْبَاح, 0.001769912
مَعِدَة, 0.001769912
مِقَصّْ, 0.001769912
مِقْعَد, 0.001769912
مِمْحَاة, 0.001769912
مِنْ, 0.001769912
مِنَضَدَة, 0.001769912
مِنْ فَضْلِك, 0.001769912
مِنْدِيل, 0.001769912
مَا, 0.001769912
مَا إِسْمُك, 0.001769912
مَاء, 0.001769912
مَاذَا, 0.001769912
مُوسِيقَى, 0.001769912
نَبَات, 0.001769912
نَتِيجَة, 0.001769912
نَجَّار, 0.001769912
نَحْنُ, 0.001769912
نَحْلَة, 0.001769912
نَخْلَة, 0.001769912
نَسِيَ, 0.001769912
نَصّ, 0.001769912
نَظَّارَة, 0.001769912
نَعَم, 0.001769912
نَفَق, 0.001769912
نَقَلَ, 0.001769912
نَمْلَة, 0.001769912
نَهَار, 0.001769912
نَجْمَة, 0.001769912
نَعَامَة, 0.001769912
نِسْر, 0.001769912
نَمِر, 0.001769912
نَاس, 0.001769912
نَاظِر, 0.001769912
نَافِذَة, 0.001769912
نامَ, 0.001769912
هَذِهِ, 0.001769912
هَل, 0.001769912
هَؤُلاَء, 0.001769912
هُدْهُد, 0.001769912
هُم, 0.001769912
هُوَ, 0.001769912
هِوَايَة, 0.001769912
هِيَ, 0.001769912
هَذا, 0.001769912
وَ, 0.001769912
وَجْه, 0.001769912
وَجْبَة  , 0.001769912
وَجْبَة الغَدَاء, 0.001769912
وَرَقَة, 0.001769912
وَرْدَة, 0.001769912
وَضَعَ, 0.001769912
وَطَن, 0.001769912
وَقَفَ, 0.001769912
وَقْت, 0.001769912
وَلَد, 0.001769912
واحِد, 0.001769912
يَد, 0.001769912
يَسَار, 0.001769912
يَمِين, 0.001769912