احْتَفَلَ, 0.005747126
اسْتَأذَنَ, 0.005747126
اسْتَطاعَ, 0.005747126
اسْتَقَلَّ, 0.005747126
اسْتَقْبَلَ, 0.005747126
التي, 0.005747126
الذي, 0.005747126
الذين, 0.005747126
الرَسول, 0.005747126
القُرآن, 0.005747126
انْتَقَلَ, 0.005747126
إِثنان, 0.005747126
إِلى, 0.005747126
إِملاء, 0.005747126
إِنَّ, 0.005747126
إنتِظار, 0.005747126
أَبيَض, 0.005747126
أَحْضَرَ, 0.005747126
أَخيراً, 0.005747126
أَربَعَة, 0.005747126
أَسَد, 0.005747126
أَسوَد, 0.005747126
أَضافَ, 0.005747126
أَغْلَقَ, 0.005747126
أَفعى, 0.005747126
أَمام, 0.005747126
أَنْتَ, 0.005747126
أَنْتُمْ, 0.005747126
أَنْتِ, 0.005747126
أَنا, 0.005747126
أَوَلاً, 0.005747126
أَيْن, 0.005747126
بَجعَة, 0.005747126
بَرقِيَة, 0.005747126
بَرنامِج, 0.005747126
بَريد, 0.005747126
بَطَل, 0.005747126
بَعد, 0.005747126
بَنَفسَجي, 0.005747126
بُرتُقالي, 0.005747126
بُنّي, 0.005747126
بِنْت, 0.005747126
باليه, 0.005747126
بومَة, 0.005747126
تَحت, 0.005747126
تَطريز, 0.005747126
تَمثيل, 0.005747126
تَنِس, 0.005747126
تِسْعَة, 0.005747126
تِمساح, 0.005747126
ثَلاثَة, 0.005747126
ثَمانِيَة, 0.005747126
جَبين, 0.005747126
جَدوَل, 0.005747126
جَدوَل, 0.005747126
جَدي, 0.005747126
جَريدَة, 0.005747126
جِسِم, 0.005747126
جِلْد, 0.005747126
جودو, 0.005747126
حَفِظَ, 0.005747126
حَيَوانات, 0.005747126
حِرَف, 0.005747126
حِساب, 0.005747126
حِوار, 0.005747126
خَبّاز, 0.005747126
خَلف, 0.005747126
خَمسَة, 0.005747126
خَيّاط, 0.005747126
خادِم, 0.005747126
دَم, 0.005747126
ذَهَبي, 0.005747126
ذَهّبَ, 0.005747126
رَجُل, 0.005747126
رَسِم, 0.005747126
رَصيف, 0.005747126
رَفَضَ, 0.005747126
رَقْبَة, 0.005747126
رَكِبَ, 0.005747126
رُكبَة, 0.005747126
رِياضَة, 0.005747126
رِياضَة, 0.005747126
رِئَة, 0.005747126
سَبْعَة, 0.005747126
سَبّاك, 0.005747126
سَلَّة, 0.005747126
سِباحَة, 0.005747126
سِتَة, 0.005747126
سافَرَ, 0.005747126
سينَما, 0.005747126
شَعَرَ, 0.005747126
شَيْخ, 0.005747126
شُجاع, 0.005747126
شِتاء, 0.005747126
شِعْر, 0.005747126
شارِع, 0.005747126
صَحيفَة, 0.005747126
صَديق, 0.005747126
صَلاة, 0.005747126
صَيْف, 0.005747126
صائِغ, 0.005747126
طاهٍ, 0.005747126
ظِفِر, 0.005747126
عَدو, 0.005747126
عَشَرَة, 0.005747126
عَضَلَة, 0.005747126
عَلى, 0.005747126
عُطلَة, 0.005747126
عُلوم, 0.005747126
عُنوان, 0.005747126
عِظام, 0.005747126
غَضِبَ, 0.005747126
غُراب, 0.005747126
فَرِحَ, 0.005747126
فَلَسطين, 0.005747126
فَهرَس, 0.005747126
فَوق, 0.005747126
فُروسِيَة, 0.005747126
فُضّي, 0.005747126
فِعِل, 0.005747126
في, 0.005747126
قَبل, 0.005747126
قَطَر, 0.005747126
قِراءَة, 0.005747126
كَتكوت, 0.005747126
كَيْف, 0.005747126
كُرَة سَلَّة, 0.005747126
كُرَة قَدَم, 0.005747126
كُرَة يَد, 0.005747126
كِتابَة, 0.005747126
كاراتيه, 0.005747126
كانَ, 0.005747126
لَم, 0.005747126
لَن, 0.005747126
لَوْن, 0.005747126
لَيْث, 0.005747126
لِسان, 0.005747126
لا, 0.005747126
مَتحَف, 0.005747126
مَتى, 0.005747126
مَدرَسَة, 0.005747126
مَسؤول, 0.005747126
مَشَى, 0.005747126
مَضَى, 0.005747126
مَطعَم, 0.005747126
مَعلومَة, 0.005747126
مَقال, 0.005747126
مَن, 0.005747126
مَوهِبَة, 0.005747126
مُتَنَوِّع, 0.005747126
مُخ, 0.005747126
مُستَشفَى, 0.005747126
مُفاجَأة, 0.005747126
مِعْدَة, 0.005747126
مِن, 0.005747126
ما, 0.005747126
موسيقَى, 0.005747126
نَحْن, 0.005747126
نَسِيَ, 0.005747126
نَص, 0.005747126
نَفَق, 0.005747126
نَملَة, 0.005747126
نُعامَة, 0.005747126
ناظِر, 0.005747126
هَذِه, 0.005747126
هَل, 0.005747126
هَؤلاء, 0.005747126
هُدهُد, 0.005747126
هُمْ, 0.005747126
هُوَ, 0.005747126
هِوايات, 0.005747126
هِيَ, 0.005747126
هذا, 0.005747126
واحِد, 0.005747126